"branch","state","state_lc","year","n"
"Air Force","Alabama","alabama",1963,1
"Air Force","Alabama","alabama",1965,2
"Air Force","Alabama","alabama",1966,3
"Air Force","Alabama","alabama",1967,14
"Air Force","Alabama","alabama",1968,8
"Air Force","Alabama","alabama",1969,5
"Air Force","Alabama","alabama",1970,5
"Air Force","Alabama","alabama",1971,4
"Air Force","Alabama","alabama",1972,5
"Air Force","Alabama","alabama",1975,1
"Air Force","Alaska","alaska",1967,1
"Air Force","Arizona","arizona",1965,2
"Air Force","Arizona","arizona",1966,4
"Air Force","Arizona","arizona",1967,2
"Air Force","Arizona","arizona",1968,6
"Air Force","Arizona","arizona",1969,3
"Air Force","Arizona","arizona",1970,2
"Air Force","Arizona","arizona",1971,1
"Air Force","Arizona","arizona",1972,4
"Air Force","Arizona","arizona",1975,2
"Air Force","Arkansas","arkansas",1965,1
"Air Force","Arkansas","arkansas",1966,3
"Air Force","Arkansas","arkansas",1967,8
"Air Force","Arkansas","arkansas",1968,5
"Air Force","Arkansas","arkansas",1969,1
"Air Force","Arkansas","arkansas",1970,5
"Air Force","Arkansas","arkansas",1971,1
"Air Force","Arkansas","arkansas",1972,5
"Air Force","California","california",1962,1
"Air Force","California","california",1963,8
"Air Force","California","california",1964,8
"Air Force","California","california",1965,17
"Air Force","California","california",1966,28
"Air Force","California","california",1967,32
"Air Force","California","california",1968,33
"Air Force","California","california",1969,27
"Air Force","California","california",1970,16
"Air Force","California","california",1971,5
"Air Force","California","california",1972,16
"Air Force","California","california",1973,1
"Air Force","California","california",1975,11
"Air Force","Colorado","colorado",1965,3
"Air Force","Colorado","colorado",1966,7
"Air Force","Colorado","colorado",1967,11
"Air Force","Colorado","colorado",1968,7
"Air Force","Colorado","colorado",1969,7
"Air Force","Colorado","colorado",1970,2
"Air Force","Colorado","colorado",1971,4
"Air Force","Colorado","colorado",1972,4
"Air Force","Connecticut","connecticut",1961,1
"Air Force","Connecticut","connecticut",1966,8
"Air Force","Connecticut","connecticut",1967,5
"Air Force","Connecticut","connecticut",1968,7
"Air Force","Connecticut","connecticut",1969,3
"Air Force","Connecticut","connecticut",1970,3
"Air Force","Connecticut","connecticut",1971,3
"Air Force","Connecticut","connecticut",1972,6
"Air Force","Connecticut","connecticut",1975,2
"Air Force","Delaware","delaware",1966,1
"Air Force","Delaware","delaware",1967,1
"Air Force","Delaware","delaware",1969,1
"Air Force","Delaware","delaware",1972,1
"Air Force","District Of Columbia","district of columbia",1964,1
"Air Force","District Of Columbia","district of columbia",1965,2
"Air Force","District Of Columbia","district of columbia",1967,2
"Air Force","District Of Columbia","district of columbia",1968,3
"Air Force","District Of Columbia","district of columbia",1969,2
"Air Force","District Of Columbia","district of columbia",1970,1
"Air Force","District Of Columbia","district of columbia",1972,2
"Air Force","Florida","florida",1962,2
"Air Force","Florida","florida",1963,2
"Air Force","Florida","florida",1964,2
"Air Force","Florida","florida",1965,5
"Air Force","Florida","florida",1966,17
"Air Force","Florida","florida",1967,23
"Air Force","Florida","florida",1968,18
"Air Force","Florida","florida",1969,15
"Air Force","Florida","florida",1970,9
"Air Force","Florida","florida",1971,2
"Air Force","Florida","florida",1972,15
"Air Force","Florida","florida",1973,1
"Air Force","Florida","florida",1975,1
"Air Force","Foreign","foreign",1962,1
"Air Force","Georgia","georgia",1965,5
"Air Force","Georgia","georgia",1966,7
"Air Force","Georgia","georgia",1967,7
"Air Force","Georgia","georgia",1968,8
"Air Force","Georgia","georgia",1969,13
"Air Force","Georgia","georgia",1970,4
"Air Force","Georgia","georgia",1971,2
"Air Force","Georgia","georgia",1972,10
"Air Force","Georgia","georgia",1973,1
"Air Force","Georgia","georgia",1975,1
"Air Force","Hawaii","hawaii",1966,3
"Air Force","Hawaii","hawaii",1967,2
"Air Force","Hawaii","hawaii",1969,1
"Air Force","Hawaii","hawaii",1970,1
"Air Force","Hawaii","hawaii",1972,1
"Air Force","Hawaii","hawaii",1973,1
"Air Force","Idaho","idaho",1963,1
"Air Force","Idaho","idaho",1964,1
"Air Force","Idaho","idaho",1965,1
"Air Force","Idaho","idaho",1966,1
"Air Force","Idaho","idaho",1967,2
"Air Force","Idaho","idaho",1969,3
"Air Force","Idaho","idaho",1972,2
"Air Force","Illinois","illinois",1963,1
"Air Force","Illinois","illinois",1964,1
"Air Force","Illinois","illinois",1965,9
"Air Force","Illinois","illinois",1966,14
"Air Force","Illinois","illinois",1967,18
"Air Force","Illinois","illinois",1968,18
"Air Force","Illinois","illinois",1969,17
"Air Force","Illinois","illinois",1970,16
"Air Force","Illinois","illinois",1971,6
"Air Force","Illinois","illinois",1972,10
"Air Force","Illinois","illinois",1973,1
"Air Force","Indiana","indiana",1963,1
"Air Force","Indiana","indiana",1964,2
"Air Force","Indiana","indiana",1965,3
"Air Force","Indiana","indiana",1966,13
"Air Force","Indiana","indiana",1967,12
"Air Force","Indiana","indiana",1968,7
"Air Force","Indiana","indiana",1969,9
"Air Force","Indiana","indiana",1970,4
"Air Force","Indiana","indiana",1971,4
"Air Force","Indiana","indiana",1972,8
"Air Force","Indiana","indiana",1975,1
"Air Force","Iowa","iowa",1965,4
"Air Force","Iowa","iowa",1966,11
"Air Force","Iowa","iowa",1967,5
"Air Force","Iowa","iowa",1968,10
"Air Force","Iowa","iowa",1969,8
"Air Force","Iowa","iowa",1970,6
"Air Force","Iowa","iowa",1971,1
"Air Force","Iowa","iowa",1972,4
"Air Force","Iowa","iowa",1975,1
"Air Force","Kansas","kansas",1965,5
"Air Force","Kansas","kansas",1966,4
"Air Force","Kansas","kansas",1967,8
"Air Force","Kansas","kansas",1968,9
"Air Force","Kansas","kansas",1969,3
"Air Force","Kansas","kansas",1970,5
"Air Force","Kansas","kansas",1971,6
"Air Force","Kansas","kansas",1972,2
"Air Force","Kansas","kansas",1975,1
"Air Force","Kentucky","kentucky",1962,2
"Air Force","Kentucky","kentucky",1963,1
"Air Force","Kentucky","kentucky",1964,2
"Air Force","Kentucky","kentucky",1965,5
"Air Force","Kentucky","kentucky",1966,8
"Air Force","Kentucky","kentucky",1967,4
"Air Force","Kentucky","kentucky",1968,11
"Air Force","Kentucky","kentucky",1969,8
"Air Force","Kentucky","kentucky",1970,2
"Air Force","Kentucky","kentucky",1971,4
"Air Force","Kentucky","kentucky",1972,3
"Air Force","Kentucky","kentucky",1975,1
"Air Force","Louisiana","louisiana",1961,1
"Air Force","Louisiana","louisiana",1962,1
"Air Force","Louisiana","louisiana",1964,1
"Air Force","Louisiana","louisiana",1965,6
"Air Force","Louisiana","louisiana",1966,2
"Air Force","Louisiana","louisiana",1967,3
"Air Force","Louisiana","louisiana",1968,6
"Air Force","Louisiana","louisiana",1969,9
"Air Force","Louisiana","louisiana",1970,2
"Air Force","Louisiana","louisiana",1971,2
"Air Force","Louisiana","louisiana",1972,5
"Air Force","Louisiana","louisiana",1973,1
"Air Force","Maine","maine",1965,2
"Air Force","Maine","maine",1966,3
"Air Force","Maine","maine",1967,3
"Air Force","Maine","maine",1969,5
"Air Force","Maine","maine",1970,6
"Air Force","Maryland","maryland",1964,1
"Air Force","Maryland","maryland",1965,1
"Air Force","Maryland","maryland",1966,4
"Air Force","Maryland","maryland",1967,5
"Air Force","Maryland","maryland",1968,6
"Air Force","Maryland","maryland",1969,4
"Air Force","Maryland","maryland",1970,7
"Air Force","Maryland","maryland",1971,1
"Air Force","Maryland","maryland",1972,7
"Air Force","Maryland","maryland",1973,2
"Air Force","Massachusetts","massachusetts",1956,1
"Air Force","Massachusetts","massachusetts",1961,1
"Air Force","Massachusetts","massachusetts",1964,2
"Air Force","Massachusetts","massachusetts",1965,5
"Air Force","Massachusetts","massachusetts",1966,8
"Air Force","Massachusetts","massachusetts",1967,5
"Air Force","Massachusetts","massachusetts",1968,20
"Air Force","Massachusetts","massachusetts",1969,6
"Air Force","Massachusetts","massachusetts",1970,6
"Air Force","Massachusetts","massachusetts",1971,2
"Air Force","Massachusetts","massachusetts",1972,4
"Air Force","Massachusetts","massachusetts",1973,1
"Air Force","Michigan","michigan",1962,1
"Air Force","Michigan","michigan",1964,3
"Air Force","Michigan","michigan",1965,5
"Air Force","Michigan","michigan",1966,11
"Air Force","Michigan","michigan",1967,15
"Air Force","Michigan","michigan",1968,14
"Air Force","Michigan","michigan",1969,10
"Air Force","Michigan","michigan",1970,6
"Air Force","Michigan","michigan",1971,3
"Air Force","Michigan","michigan",1972,6
"Air Force","Michigan","michigan",1975,1
"Air Force","Minnesota","minnesota",1962,1
"Air Force","Minnesota","minnesota",1965,5
"Air Force","Minnesota","minnesota",1966,6
"Air Force","Minnesota","minnesota",1967,6
"Air Force","Minnesota","minnesota",1968,10
"Air Force","Minnesota","minnesota",1969,12
"Air Force","Minnesota","minnesota",1970,7
"Air Force","Minnesota","minnesota",1971,3
"Air Force","Minnesota","minnesota",1972,5
"Air Force","Mississippi","mississippi",1963,1
"Air Force","Mississippi","mississippi",1964,2
"Air Force","Mississippi","mississippi",1965,2
"Air Force","Mississippi","mississippi",1966,3
"Air Force","Mississippi","mississippi",1967,3
"Air Force","Mississippi","mississippi",1968,4
"Air Force","Mississippi","mississippi",1969,2
"Air Force","Mississippi","mississippi",1970,2
"Air Force","Mississippi","mississippi",1972,2
"Air Force","Missouri","missouri",1965,8
"Air Force","Missouri","missouri",1966,12
"Air Force","Missouri","missouri",1967,12
"Air Force","Missouri","missouri",1968,10
"Air Force","Missouri","missouri",1969,9
"Air Force","Missouri","missouri",1970,13
"Air Force","Missouri","missouri",1971,1
"Air Force","Missouri","missouri",1972,13
"Air Force","Missouri","missouri",1975,2
"Air Force","Montana","montana",1961,1
"Air Force","Montana","montana",1965,2
"Air Force","Montana","montana",1966,2
"Air Force","Montana","montana",1967,2
"Air Force","Montana","montana",1968,1
"Air Force","Montana","montana",1969,5
"Air Force","Montana","montana",1970,2
"Air Force","Montana","montana",1972,1
"Air Force","Nebraska","nebraska",1966,3
"Air Force","Nebraska","nebraska",1967,5
"Air Force","Nebraska","nebraska",1968,4
"Air Force","Nebraska","nebraska",1969,3
"Air Force","Nebraska","nebraska",1970,2
"Air Force","Nebraska","nebraska",1971,1
"Air Force","Nebraska","nebraska",1972,5
"Air Force","Nebraska","nebraska",1973,1
"Air Force","Nevada","nevada",1965,1
"Air Force","Nevada","nevada",1966,1
"Air Force","Nevada","nevada",1967,1
"Air Force","Nevada","nevada",1968,1
"Air Force","Nevada","nevada",1975,1
"Air Force","New Hampshire","new hampshire",1966,3
"Air Force","New Hampshire","new hampshire",1967,4
"Air Force","New Hampshire","new hampshire",1968,1
"Air Force","New Hampshire","new hampshire",1969,3
"Air Force","New Hampshire","new hampshire",1970,1
"Air Force","New Hampshire","new hampshire",1972,2
"Air Force","New Jersey","new jersey",1962,1
"Air Force","New Jersey","new jersey",1965,2
"Air Force","New Jersey","new jersey",1966,13
"Air Force","New Jersey","new jersey",1967,17
"Air Force","New Jersey","new jersey",1968,15
"Air Force","New Jersey","new jersey",1969,6
"Air Force","New Jersey","new jersey",1970,1
"Air Force","New Jersey","new jersey",1971,5
"Air Force","New Jersey","new jersey",1972,4
"Air Force","New Jersey","new jersey",1973,1
"Air Force","New Jersey","new jersey",1975,2
"Air Force","New Mexico","new mexico",1965,2
"Air Force","New Mexico","new mexico",1967,1
"Air Force","New Mexico","new mexico",1969,4
"Air Force","New Mexico","new mexico",1970,1
"Air Force","New Mexico","new mexico",1971,1
"Air Force","New Mexico","new mexico",1972,2
"Air Force","New York","new york",1963,3
"Air Force","New York","new york",1964,4
"Air Force","New York","new york",1965,16
"Air Force","New York","new york",1966,26
"Air Force","New York","new york",1967,31
"Air Force","New York","new york",1968,39
"Air Force","New York","new york",1969,18
"Air Force","New York","new york",1970,17
"Air Force","New York","new york",1971,11
"Air Force","New York","new york",1972,21
"Air Force","New York","new york",1973,2
"Air Force","New York","new york",1974,1
"Air Force","North Carolina","north carolina",1962,1
"Air Force","North Carolina","north carolina",1964,1
"Air Force","North Carolina","north carolina",1965,3
"Air Force","North Carolina","north carolina",1966,9
"Air Force","North Carolina","north carolina",1967,7
"Air Force","North Carolina","north carolina",1968,14
"Air Force","North Carolina","north carolina",1969,10
"Air Force","North Carolina","north carolina",1970,10
"Air Force","North Carolina","north carolina",1971,4
"Air Force","North Carolina","north carolina",1972,3
"Air Force","North Carolina","north carolina",1975,2
"Air Force","North Dakota","north dakota",1965,1
"Air Force","North Dakota","north dakota",1966,4
"Air Force","North Dakota","north dakota",1967,2
"Air Force","North Dakota","north dakota",1968,3
"Air Force","North Dakota","north dakota",1969,1
"Air Force","North Dakota","north dakota",1972,2
"Air Force","Ohio","ohio",1961,1
"Air Force","Ohio","ohio",1962,1
"Air Force","Ohio","ohio",1963,3
"Air Force","Ohio","ohio",1965,8
"Air Force","Ohio","ohio",1966,16
"Air Force","Ohio","ohio",1967,17
"Air Force","Ohio","ohio",1968,20
"Air Force","Ohio","ohio",1969,22
"Air Force","Ohio","ohio",1970,19
"Air Force","Ohio","ohio",1971,4
"Air Force","Ohio","ohio",1972,11
"Air Force","Ohio","ohio",1973,1
"Air Force","Ohio","ohio",1975,1
"Air Force","Oklahoma","oklahoma",1963,1
"Air Force","Oklahoma","oklahoma",1965,4
"Air Force","Oklahoma","oklahoma",1966,6
"Air Force","Oklahoma","oklahoma",1967,14
"Air Force","Oklahoma","oklahoma",1968,17
"Air Force","Oklahoma","oklahoma",1969,5
"Air Force","Oklahoma","oklahoma",1970,1
"Air Force","Oklahoma","oklahoma",1971,4
"Air Force","Oklahoma","oklahoma",1972,4
"Air Force","Oklahoma","oklahoma",1973,1
"Air Force","Oregon","oregon",1965,5
"Air Force","Oregon","oregon",1966,9
"Air Force","Oregon","oregon",1967,8
"Air Force","Oregon","oregon",1968,6
"Air Force","Oregon","oregon",1969,5
"Air Force","Oregon","oregon",1970,1
"Air Force","Oregon","oregon",1971,3
"Air Force","Oregon","oregon",1972,5
"Air Force","Pennsylvania","pennsylvania",1961,1
"Air Force","Pennsylvania","pennsylvania",1962,1
"Air Force","Pennsylvania","pennsylvania",1963,4
"Air Force","Pennsylvania","pennsylvania",1964,3
"Air Force","Pennsylvania","pennsylvania",1965,14
"Air Force","Pennsylvania","pennsylvania",1966,29
"Air Force","Pennsylvania","pennsylvania",1967,20
"Air Force","Pennsylvania","pennsylvania",1968,31
"Air Force","Pennsylvania","pennsylvania",1969,24
"Air Force","Pennsylvania","pennsylvania",1970,7
"Air Force","Pennsylvania","pennsylvania",1971,3
"Air Force","Pennsylvania","pennsylvania",1972,6
"Air Force","Pennsylvania","pennsylvania",1973,2
"Air Force","Pennsylvania","pennsylvania",1975,4
"Air Force","Puerto Rico","puerto rico",1967,2
"Air Force","Puerto Rico","puerto rico",1969,1
"Air Force","Puerto Rico","puerto rico",1970,1
"Air Force","Rhode Island","rhode island",1964,1
"Air Force","Rhode Island","rhode island",1965,2
"Air Force","Rhode Island","rhode island",1966,2
"Air Force","Rhode Island","rhode island",1967,3
"Air Force","Rhode Island","rhode island",1968,3
"Air Force","Rhode Island","rhode island",1969,1
"Air Force","Rhode Island","rhode island",1970,1
"Air Force","Rhode Island","rhode island",1971,1
"Air Force","South Carolina","south carolina",1962,1
"Air Force","South Carolina","south carolina",1965,2
"Air Force","South Carolina","south carolina",1966,3
"Air Force","South Carolina","south carolina",1967,5
"Air Force","South Carolina","south carolina",1968,4
"Air Force","South Carolina","south carolina",1969,6
"Air Force","South Carolina","south carolina",1970,2
"Air Force","South Carolina","south carolina",1971,4
"Air Force","South Carolina","south carolina",1972,2
"Air Force","South Dakota","south dakota",1966,2
"Air Force","South Dakota","south dakota",1967,3
"Air Force","South Dakota","south dakota",1968,1
"Air Force","South Dakota","south dakota",1969,3
"Air Force","South Dakota","south dakota",1971,1
"Air Force","South Dakota","south dakota",1972,1
"Air Force","Tennessee","tennessee",1964,1
"Air Force","Tennessee","tennessee",1965,5
"Air Force","Tennessee","tennessee",1966,7
"Air Force","Tennessee","tennessee",1967,10
"Air Force","Tennessee","tennessee",1968,8
"Air Force","Tennessee","tennessee",1969,7
"Air Force","Tennessee","tennessee",1970,6
"Air Force","Tennessee","tennessee",1971,2
"Air Force","Tennessee","tennessee",1972,6
"Air Force","Tennessee","tennessee",1973,2
"Air Force","Texas","texas",1960,1
"Air Force","Texas","texas",1961,1
"Air Force","Texas","texas",1962,2
"Air Force","Texas","texas",1963,6
"Air Force","Texas","texas",1964,1
"Air Force","Texas","texas",1965,16
"Air Force","Texas","texas",1966,22
"Air Force","Texas","texas",1967,30
"Air Force","Texas","texas",1968,26
"Air Force","Texas","texas",1969,22
"Air Force","Texas","texas",1970,12
"Air Force","Texas","texas",1971,9
"Air Force","Texas","texas",1972,19
"Air Force","Texas","texas",1973,6
"Air Force","Texas","texas",1975,3
"Air Force","Utah","utah",1965,1
"Air Force","Utah","utah",1966,2
"Air Force","Utah","utah",1967,5
"Air Force","Utah","utah",1968,4
"Air Force","Utah","utah",1969,2
"Air Force","Utah","utah",1970,2
"Air Force","Utah","utah",1971,1
"Air Force","Utah","utah",1972,1
"Air Force","Vermont","vermont",1966,1
"Air Force","Vermont","vermont",1967,1
"Air Force","Vermont","vermont",1972,1
"Air Force","Virginia","virginia",1961,1
"Air Force","Virginia","virginia",1962,1
"Air Force","Virginia","virginia",1963,2
"Air Force","Virginia","virginia",1964,2
"Air Force","Virginia","virginia",1965,5
"Air Force","Virginia","virginia",1966,8
"Air Force","Virginia","virginia",1967,11
"Air Force","Virginia","virginia",1968,11
"Air Force","Virginia","virginia",1969,15
"Air Force","Virginia","virginia",1970,5
"Air Force","Virginia","virginia",1971,2
"Air Force","Virginia","virginia",1972,6
"Air Force","Virginia","virginia",1973,3
"Air Force","Virginia","virginia",1975,1
"Air Force","Washington","washington",1966,10
"Air Force","Washington","washington",1967,9
"Air Force","Washington","washington",1968,12
"Air Force","Washington","washington",1969,8
"Air Force","Washington","washington",1970,5
"Air Force","Washington","washington",1971,1
"Air Force","Washington","washington",1972,4
"Air Force","Washington","washington",1975,2
"Air Force","West Virginia","west virginia",1965,1
"Air Force","West Virginia","west virginia",1966,7
"Air Force","West Virginia","west virginia",1967,1
"Air Force","West Virginia","west virginia",1968,6
"Air Force","West Virginia","west virginia",1969,4
"Air Force","West Virginia","west virginia",1970,5
"Air Force","West Virginia","west virginia",1971,3
"Air Force","Wisconsin","wisconsin",1965,4
"Air Force","Wisconsin","wisconsin",1966,6
"Air Force","Wisconsin","wisconsin",1967,7
"Air Force","Wisconsin","wisconsin",1968,4
"Air Force","Wisconsin","wisconsin",1969,8
"Air Force","Wisconsin","wisconsin",1970,4
"Air Force","Wisconsin","wisconsin",1971,2
"Air Force","Wisconsin","wisconsin",1973,1
"Air Force","Wyoming","wyoming",1966,1
"Air Force","Wyoming","wyoming",1967,4
"Air Force","Wyoming","wyoming",1972,1
"Army","Alabama","alabama",1963,2
"Army","Alabama","alabama",1964,1
"Army","Alabama","alabama",1965,38
"Army","Alabama","alabama",1966,116
"Army","Alabama","alabama",1967,133
"Army","Alabama","alabama",1968,227
"Army","Alabama","alabama",1969,156
"Army","Alabama","alabama",1970,102
"Army","Alabama","alabama",1971,55
"Army","Alabama","alabama",1972,18
"Army","Alabama","alabama",1973,2
"Army","Alaska","alaska",1965,2
"Army","Alaska","alaska",1966,3
"Army","Alaska","alaska",1967,8
"Army","Alaska","alaska",1968,10
"Army","Alaska","alaska",1969,8
"Army","Alaska","alaska",1970,8
"Army","Alaska","alaska",1971,3
"Army","Alaska","alaska",1972,1
"Army","American Samoa","american samoa",1971,1
"Army","Arizona","arizona",1963,2
"Army","Arizona","arizona",1964,3
"Army","Arizona","arizona",1965,9
"Army","Arizona","arizona",1966,33
"Army","Arizona","arizona",1967,57
"Army","Arizona","arizona",1968,128
"Army","Arizona","arizona",1969,70
"Army","Arizona","arizona",1970,63
"Army","Arizona","arizona",1971,28
"Army","Arizona","arizona",1972,4
"Army","Arkansas","arkansas",1961,1
"Army","Arkansas","arkansas",1963,1
"Army","Arkansas","arkansas",1964,3
"Army","Arkansas","arkansas",1965,8
"Army","Arkansas","arkansas",1966,43
"Army","Arkansas","arkansas",1967,68
"Army","Arkansas","arkansas",1968,105
"Army","Arkansas","arkansas",1969,79
"Army","Arkansas","arkansas",1970,59
"Army","Arkansas","arkansas",1971,22
"Army","Arkansas","arkansas",1972,7
"Army","California","california",1961,2
"Army","California","california",1962,1
"Army","California","california",1963,5
"Army","California","california",1964,13
"Army","California","california",1965,81
"Army","California","california",1966,277
"Army","California","california",1967,678
"Army","California","california",1968,1094
"Army","California","california",1969,782
"Army","California","california",1970,445
"Army","California","california",1971,204
"Army","California","california",1972,37
"Army","California","california",1973,4
"Army","California","california",2005,1
"Army","Canal Zone","canal zone",1967,1
"Army","Canal Zone","canal zone",1971,1
"Army","Colorado","colorado",1964,2
"Army","Colorado","colorado",1965,11
"Army","Colorado","colorado",1966,38
"Army","Colorado","colorado",1967,59
"Army","Colorado","colorado",1968,104
"Army","Colorado","colorado",1969,71
"Army","Colorado","colorado",1970,57
"Army","Colorado","colorado",1971,33
"Army","Colorado","colorado",1972,4
"Army","Connecticut","connecticut",1963,1
"Army","Connecticut","connecticut",1964,2
"Army","Connecticut","connecticut",1965,12
"Army","Connecticut","connecticut",1966,44
"Army","Connecticut","connecticut",1967,56
"Army","Connecticut","connecticut",1968,85
"Army","Connecticut","connecticut",1969,99
"Army","Connecticut","connecticut",1970,35
"Army","Connecticut","connecticut",1971,13
"Army","Connecticut","connecticut",1972,2
"Army","Delaware","delaware",1963,1
"Army","Delaware","delaware",1965,1
"Army","Delaware","delaware",1966,11
"Army","Delaware","delaware",1967,17
"Army","Delaware","delaware",1968,22
"Army","Delaware","delaware",1969,12
"Army","Delaware","delaware",1970,12
"Army","Delaware","delaware",1971,5
"Army","District Of Columbia","district of columbia",1965,7
"Army","District Of Columbia","district of columbia",1966,17
"Army","District Of Columbia","district of columbia",1967,32
"Army","District Of Columbia","district of columbia",1968,43
"Army","District Of Columbia","district of columbia",1969,28
"Army","District Of Columbia","district of columbia",1970,18
"Army","District Of Columbia","district of columbia",1971,12
"Army","Florida","florida",1962,3
"Army","Florida","florida",1963,4
"Army","Florida","florida",1964,5
"Army","Florida","florida",1965,42
"Army","Florida","florida",1966,142
"Army","Florida","florida",1967,209
"Army","Florida","florida",1968,346
"Army","Florida","florida",1969,295
"Army","Florida","florida",1970,164
"Army","Florida","florida",1971,60
"Army","Florida","florida",1972,20
"Army","Florida","florida",1973,1
"Army","Foreign","foreign",1967,1
"Army","Foreign","foreign",1972,1
"Army","Georgia","georgia",1962,1
"Army","Georgia","georgia",1963,5
"Army","Georgia","georgia",1964,5
"Army","Georgia","georgia",1965,37
"Army","Georgia","georgia",1966,109
"Army","Georgia","georgia",1967,181
"Army","Georgia","georgia",1968,305
"Army","Georgia","georgia",1969,253
"Army","Georgia","georgia",1970,166
"Army","Georgia","georgia",1971,59
"Army","Georgia","georgia",1972,13
"Army","Guam","guam",1965,2
"Army","Guam","guam",1966,7
"Army","Guam","guam",1967,9
"Army","Guam","guam",1968,12
"Army","Guam","guam",1969,11
"Army","Guam","guam",1970,8
"Army","Guam","guam",1971,6
"Army","Guam","guam",1972,3
"Army","Hawaii","hawaii",1962,2
"Army","Hawaii","hawaii",1963,1
"Army","Hawaii","hawaii",1964,4
"Army","Hawaii","hawaii",1965,11
"Army","Hawaii","hawaii",1966,36
"Army","Hawaii","hawaii",1967,39
"Army","Hawaii","hawaii",1968,42
"Army","Hawaii","hawaii",1969,49
"Army","Hawaii","hawaii",1970,13
"Army","Hawaii","hawaii",1971,15
"Army","Hawaii","hawaii",1972,4
"Army","Idaho","idaho",1963,1
"Army","Idaho","idaho",1965,3
"Army","Idaho","idaho",1966,20
"Army","Idaho","idaho",1967,24
"Army","Idaho","idaho",1968,28
"Army","Idaho","idaho",1969,35
"Army","Idaho","idaho",1970,15
"Army","Idaho","idaho",1971,14
"Army","Illinois","illinois",1964,4
"Army","Illinois","illinois",1965,48
"Army","Illinois","illinois",1966,157
"Army","Illinois","illinois",1967,348
"Army","Illinois","illinois",1968,541
"Army","Illinois","illinois",1969,408
"Army","Illinois","illinois",1970,249
"Army","Illinois","illinois",1971,97
"Army","Illinois","illinois",1972,17
"Army","Illinois","illinois",1973,2
"Army","Illinois","illinois",2005,1
"Army","Indiana","indiana",1962,2
"Army","Indiana","indiana",1963,2
"Army","Indiana","indiana",1964,4
"Army","Indiana","indiana",1965,31
"Army","Indiana","indiana",1966,103
"Army","Indiana","indiana",1967,158
"Army","Indiana","indiana",1968,277
"Army","Indiana","indiana",1969,207
"Army","Indiana","indiana",1970,147
"Army","Indiana","indiana",1971,49
"Army","Indiana","indiana",1972,8
"Army","Iowa","iowa",1963,2
"Army","Iowa","iowa",1964,1
"Army","Iowa","iowa",1965,11
"Army","Iowa","iowa",1966,41
"Army","Iowa","iowa",1967,64
"Army","Iowa","iowa",1968,134
"Army","Iowa","iowa",1969,127
"Army","Iowa","iowa",1970,120
"Army","Iowa","iowa",1971,38
"Army","Iowa","iowa",1972,4
"Army","Kansas","kansas",1963,1
"Army","Kansas","kansas",1964,1
"Army","Kansas","kansas",1965,16
"Army","Kansas","kansas",1966,28
"Army","Kansas","kansas",1967,53
"Army","Kansas","kansas",1968,113
"Army","Kansas","kansas",1969,103
"Army","Kansas","kansas",1970,49
"Army","Kansas","kansas",1971,20
"Army","Kansas","kansas",1972,4
"Army","Kentucky","kentucky",1965,26
"Army","Kentucky","kentucky",1966,75
"Army","Kentucky","kentucky",1967,147
"Army","Kentucky","kentucky",1968,199
"Army","Kentucky","kentucky",1969,152
"Army","Kentucky","kentucky",1970,111
"Army","Kentucky","kentucky",1971,49
"Army","Kentucky","kentucky",1972,6
"Army","Kentucky","kentucky",1973,1
"Army","Louisiana","louisiana",1964,3
"Army","Louisiana","louisiana",1965,14
"Army","Louisiana","louisiana",1966,56
"Army","Louisiana","louisiana",1967,93
"Army","Louisiana","louisiana",1968,158
"Army","Louisiana","louisiana",1969,124
"Army","Louisiana","louisiana",1970,91
"Army","Louisiana","louisiana",1971,33
"Army","Louisiana","louisiana",1972,5
"Army","Maine","maine",1964,3
"Army","Maine","maine",1965,6
"Army","Maine","maine",1966,27
"Army","Maine","maine",1967,46
"Army","Maine","maine",1968,45
"Army","Maine","maine",1969,55
"Army","Maine","maine",1970,20
"Army","Maine","maine",1971,15
"Army","Maryland","maryland",1962,1
"Army","Maryland","maryland",1963,1
"Army","Maryland","maryland",1964,3
"Army","Maryland","maryland",1965,21
"Army","Maryland","maryland",1966,81
"Army","Maryland","maryland",1967,98
"Army","Maryland","maryland",1968,194
"Army","Maryland","maryland",1969,129
"Army","Maryland","maryland",1970,80
"Army","Maryland","maryland",1971,32
"Army","Maryland","maryland",1972,7
"Army","Massachusetts","massachusetts",1963,2
"Army","Massachusetts","massachusetts",1964,6
"Army","Massachusetts","massachusetts",1965,20
"Army","Massachusetts","massachusetts",1966,86
"Army","Massachusetts","massachusetts",1967,109
"Army","Massachusetts","massachusetts",1968,213
"Army","Massachusetts","massachusetts",1969,150
"Army","Massachusetts","massachusetts",1970,85
"Army","Massachusetts","massachusetts",1971,40
"Army","Massachusetts","massachusetts",1972,5
"Army","Massachusetts","massachusetts",1973,1
"Army","Michigan","michigan",1964,7
"Army","Michigan","michigan",1965,30
"Army","Michigan","michigan",1966,140
"Army","Michigan","michigan",1967,335
"Army","Michigan","michigan",1968,540
"Army","Michigan","michigan",1969,445
"Army","Michigan","michigan",1970,249
"Army","Michigan","michigan",1971,100
"Army","Michigan","michigan",1972,20
"Army","Michigan","michigan",1973,1
"Army","Minnesota","minnesota",1962,1
"Army","Minnesota","minnesota",1963,1
"Army","Minnesota","minnesota",1964,1
"Army","Minnesota","minnesota",1965,14
"Army","Minnesota","minnesota",1966,56
"Army","Minnesota","minnesota",1967,118
"Army","Minnesota","minnesota",1968,209
"Army","Minnesota","minnesota",1969,174
"Army","Minnesota","minnesota",1970,97
"Army","Minnesota","minnesota",1971,38
"Army","Minnesota","minnesota",1972,2
"Army","Minnesota","minnesota",1973,2
"Army","Mississippi","mississippi",1962,2
"Army","Mississippi","mississippi",1963,1
"Army","Mississippi","mississippi",1965,13
"Army","Mississippi","mississippi",1966,65
"Army","Mississippi","mississippi",1967,69
"Army","Mississippi","mississippi",1968,120
"Army","Mississippi","mississippi",1969,97
"Army","Mississippi","mississippi",1970,84
"Army","Mississippi","mississippi",1971,29
"Army","Mississippi","mississippi",1972,8
"Army","Mississippi","mississippi",1973,1
"Army","Missouri","missouri",1962,1
"Army","Missouri","missouri",1963,2
"Army","Missouri","missouri",1964,2
"Army","Missouri","missouri",1965,26
"Army","Missouri","missouri",1966,88
"Army","Missouri","missouri",1967,153
"Army","Missouri","missouri",1968,252
"Army","Missouri","missouri",1969,225
"Army","Missouri","missouri",1970,137
"Army","Missouri","missouri",1971,61
"Army","Missouri","missouri",1972,5
"Army","Montana","montana",1964,1
"Army","Montana","montana",1965,5
"Army","Montana","montana",1966,14
"Army","Montana","montana",1967,24
"Army","Montana","montana",1968,49
"Army","Montana","montana",1969,43
"Army","Montana","montana",1970,22
"Army","Montana","montana",1971,8
"Army","Montana","montana",1972,3
"Army","Nebraska","nebraska",1959,1
"Army","Nebraska","nebraska",1961,1
"Army","Nebraska","nebraska",1962,2
"Army","Nebraska","nebraska",1963,1
"Army","Nebraska","nebraska",1965,9
"Army","Nebraska","nebraska",1966,18
"Army","Nebraska","nebraska",1967,32
"Army","Nebraska","nebraska",1968,72
"Army","Nebraska","nebraska",1969,64
"Army","Nebraska","nebraska",1970,42
"Army","Nebraska","nebraska",1971,18
"Army","Nebraska","nebraska",1972,4
"Army","Nevada","nevada",1963,1
"Army","Nevada","nevada",1966,2
"Army","Nevada","nevada",1967,18
"Army","Nevada","nevada",1968,29
"Army","Nevada","nevada",1969,20
"Army","Nevada","nevada",1970,11
"Army","Nevada","nevada",1971,5
"Army","New Hampshire","new hampshire",1962,1
"Army","New Hampshire","new hampshire",1965,5
"Army","New Hampshire","new hampshire",1966,18
"Army","New Hampshire","new hampshire",1967,26
"Army","New Hampshire","new hampshire",1968,33
"Army","New Hampshire","new hampshire",1969,28
"Army","New Hampshire","new hampshire",1970,12
"Army","New Hampshire","new hampshire",1971,7
"Army","New Hampshire","new hampshire",1972,3
"Army","New Jersey","new jersey",1962,2
"Army","New Jersey","new jersey",1963,3
"Army","New Jersey","new jersey",1964,2
"Army","New Jersey","new jersey",1965,33
"Army","New Jersey","new jersey",1966,112
"Army","New Jersey","new jersey",1967,178
"Army","New Jersey","new jersey",1968,275
"Army","New Jersey","new jersey",1969,193
"Army","New Jersey","new jersey",1970,93
"Army","New Jersey","new jersey",1971,36
"Army","New Jersey","new jersey",1972,4
"Army","New Mexico","new mexico",1965,3
"Army","New Mexico","new mexico",1966,26
"Army","New Mexico","new mexico",1967,39
"Army","New Mexico","new mexico",1968,74
"Army","New Mexico","new mexico",1969,56
"Army","New Mexico","new mexico",1970,34
"Army","New Mexico","new mexico",1971,22
"Army","New Mexico","new mexico",1972,3
"Army","New York","new york",1962,1
"Army","New York","new york",1963,3
"Army","New York","new york",1964,10
"Army","New York","new york",1965,61
"Army","New York","new york",1966,253
"Army","New York","new york",1967,496
"Army","New York","new york",1968,839
"Army","New York","new york",1969,563
"Army","New York","new york",1970,295
"Army","New York","new york",1971,116
"Army","New York","new york",1972,23
"Army","New York","new york",1973,1
"Army","North Carolina","north carolina",1962,2
"Army","North Carolina","north carolina",1964,8
"Army","North Carolina","north carolina",1965,38
"Army","North Carolina","north carolina",1966,138
"Army","North Carolina","north carolina",1967,203
"Army","North Carolina","north carolina",1968,322
"Army","North Carolina","north carolina",1969,235
"Army","North Carolina","north carolina",1970,167
"Army","North Carolina","north carolina",1971,62
"Army","North Carolina","north carolina",1972,8
"Army","North Carolina","north carolina",1990,1
"Army","North Dakota","north dakota",1964,1
"Army","North Dakota","north dakota",1965,5
"Army","North Dakota","north dakota",1966,4
"Army","North Dakota","north dakota",1967,23
"Army","North Dakota","north dakota",1968,40
"Army","North Dakota","north dakota",1969,34
"Army","North Dakota","north dakota",1970,14
"Army","North Dakota","north dakota",1971,12
"Army","North Dakota","north dakota",1972,2
"Army","Ohio","ohio",1962,1
"Army","Ohio","ohio",1963,1
"Army","Ohio","ohio",1964,5
"Army","Ohio","ohio",1965,54
"Army","Ohio","ohio",1966,195
"Army","Ohio","ohio",1967,307
"Army","Ohio","ohio",1968,550
"Army","Ohio","ohio",1969,444
"Army","Ohio","ohio",1970,248
"Army","Ohio","ohio",1971,123
"Army","Ohio","ohio",1972,17
"Army","Ohio","ohio",1973,1
"Army","Oklahoma","oklahoma",1963,2
"Army","Oklahoma","oklahoma",1964,3
"Army","Oklahoma","oklahoma",1965,21
"Army","Oklahoma","oklahoma",1966,55
"Army","Oklahoma","oklahoma",1967,106
"Army","Oklahoma","oklahoma",1968,204
"Army","Oklahoma","oklahoma",1969,138
"Army","Oklahoma","oklahoma",1970,96
"Army","Oklahoma","oklahoma",1971,38
"Army","Oklahoma","oklahoma",1972,7
"Army","Oklahoma","oklahoma",2006,1
"Army","Oregon","oregon",1962,1
"Army","Oregon","oregon",1963,2
"Army","Oregon","oregon",1964,2
"Army","Oregon","oregon",1965,9
"Army","Oregon","oregon",1966,34
"Army","Oregon","oregon",1967,65
"Army","Oregon","oregon",1968,107
"Army","Oregon","oregon",1969,92
"Army","Oregon","oregon",1970,70
"Army","Oregon","oregon",1971,37
"Army","Oregon","oregon",1972,2
"Army","Pennsylvania","pennsylvania",1957,1
"Army","Pennsylvania","pennsylvania",1961,1
"Army","Pennsylvania","pennsylvania",1962,1
"Army","Pennsylvania","pennsylvania",1963,5
"Army","Pennsylvania","pennsylvania",1964,9
"Army","Pennsylvania","pennsylvania",1965,73
"Army","Pennsylvania","pennsylvania",1966,210
"Army","Pennsylvania","pennsylvania",1967,336
"Army","Pennsylvania","pennsylvania",1968,499
"Army","Pennsylvania","pennsylvania",1969,383
"Army","Pennsylvania","pennsylvania",1970,239
"Army","Pennsylvania","pennsylvania",1971,93
"Army","Pennsylvania","pennsylvania",1972,23
"Army","Puerto Rico","puerto rico",1965,15
"Army","Puerto Rico","puerto rico",1966,53
"Army","Puerto Rico","puerto rico",1967,44
"Army","Puerto Rico","puerto rico",1968,91
"Army","Puerto Rico","puerto rico",1969,66
"Army","Puerto Rico","puerto rico",1970,32
"Army","Puerto Rico","puerto rico",1971,17
"Army","Puerto Rico","puerto rico",1972,4
"Army","Rhode Island","rhode island",1962,1
"Army","Rhode Island","rhode island",1964,1
"Army","Rhode Island","rhode island",1965,3
"Army","Rhode Island","rhode island",1966,12
"Army","Rhode Island","rhode island",1967,29
"Army","Rhode Island","rhode island",1968,39
"Army","Rhode Island","rhode island",1969,26
"Army","Rhode Island","rhode island",1970,18
"Army","Rhode Island","rhode island",1971,8
"Army","Rhode Island","rhode island",1972,2
"Army","South Carolina","south carolina",1961,1
"Army","South Carolina","south carolina",1963,3
"Army","South Carolina","south carolina",1965,20
"Army","South Carolina","south carolina",1966,83
"Army","South Carolina","south carolina",1967,105
"Army","South Carolina","south carolina",1968,178
"Army","South Carolina","south carolina",1969,150
"Army","South Carolina","south carolina",1970,76
"Army","South Carolina","south carolina",1971,34
"Army","South Carolina","south carolina",1972,7
"Army","South Carolina","south carolina",1973,1
"Army","South Dakota","south dakota",1964,2
"Army","South Dakota","south dakota",1965,5
"Army","South Dakota","south dakota",1966,9
"Army","South Dakota","south dakota",1967,20
"Army","South Dakota","south dakota",1968,39
"Army","South Dakota","south dakota",1969,33
"Army","South Dakota","south dakota",1970,14
"Army","South Dakota","south dakota",1971,12
"Army","South Dakota","south dakota",1972,3
"Army","Tennessee","tennessee",1961,1
"Army","Tennessee","tennessee",1963,1
"Army","Tennessee","tennessee",1964,5
"Army","Tennessee","tennessee",1965,39
"Army","Tennessee","tennessee",1966,120
"Army","Tennessee","tennessee",1967,140
"Army","Tennessee","tennessee",1968,231
"Army","Tennessee","tennessee",1969,196
"Army","Tennessee","tennessee",1970,108
"Army","Tennessee","tennessee",1971,46
"Army","Tennessee","tennessee",1972,4
"Army","Tennessee","tennessee",1987,1
"Army","Texas","texas",1959,1
"Army","Texas","texas",1962,1
"Army","Texas","texas",1963,5
"Army","Texas","texas",1964,16
"Army","Texas","texas",1965,55
"Army","Texas","texas",1966,214
"Army","Texas","texas",1967,382
"Army","Texas","texas",1968,644
"Army","Texas","texas",1969,445
"Army","Texas","texas",1970,280
"Army","Texas","texas",1971,138
"Army","Texas","texas",1972,21
"Army","Utah","utah",1963,2
"Army","Utah","utah",1964,1
"Army","Utah","utah",1965,2
"Army","Utah","utah",1966,17
"Army","Utah","utah",1967,41
"Army","Utah","utah",1968,64
"Army","Utah","utah",1969,58
"Army","Utah","utah",1970,42
"Army","Utah","utah",1971,15
"Army","Utah","utah",1972,3
"Army","Vermont","vermont",1964,1
"Army","Vermont","vermont",1965,1
"Army","Vermont","vermont",1966,7
"Army","Vermont","vermont",1967,12
"Army","Vermont","vermont",1968,19
"Army","Vermont","vermont",1969,18
"Army","Vermont","vermont",1970,6
"Army","Vermont","vermont",1971,4
"Army","Virgin Islands","virgin islands",1965,2
"Army","Virgin Islands","virgin islands",1966,2
"Army","Virgin Islands","virgin islands",1968,3
"Army","Virgin Islands","virgin islands",1969,3
"Army","Virgin Islands","virgin islands",1970,2
"Army","Virgin Islands","virgin islands",1971,1
"Army","Virgin Islands","virgin islands",1972,1
"Army","Virginia","virginia",1963,5
"Army","Virginia","virginia",1964,5
"Army","Virginia","virginia",1965,33
"Army","Virginia","virginia",1966,101
"Army","Virginia","virginia",1967,129
"Army","Virginia","virginia",1968,232
"Army","Virginia","virginia",1969,186
"Army","Virginia","virginia",1970,126
"Army","Virginia","virginia",1971,46
"Army","Virginia","virginia",1972,8
"Army","Washington","washington",1963,2
"Army","Washington","washington",1964,2
"Army","Washington","washington",1965,12
"Army","Washington","washington",1966,59
"Army","Washington","washington",1967,125
"Army","Washington","washington",1968,195
"Army","Washington","washington",1969,114
"Army","Washington","washington",1970,102
"Army","Washington","washington",1971,46
"Army","Washington","washington",1972,7
"Army","West Virginia","west virginia",1964,3
"Army","West Virginia","west virginia",1965,32
"Army","West Virginia","west virginia",1966,52
"Army","West Virginia","west virginia",1967,96
"Army","West Virginia","west virginia",1968,109
"Army","West Virginia","west virginia",1969,118
"Army","West Virginia","west virginia",1970,59
"Army","West Virginia","west virginia",1971,30
"Army","West Virginia","west virginia",1972,4
"Army","Wisconsin","wisconsin",1963,2
"Army","Wisconsin","wisconsin",1964,4
"Army","Wisconsin","wisconsin",1965,17
"Army","Wisconsin","wisconsin",1966,50
"Army","Wisconsin","wisconsin",1967,133
"Army","Wisconsin","wisconsin",1968,210
"Army","Wisconsin","wisconsin",1969,186
"Army","Wisconsin","wisconsin",1970,118
"Army","Wisconsin","wisconsin",1971,40
"Army","Wisconsin","wisconsin",1972,7
"Army","Wyoming","wyoming",1965,2
"Army","Wyoming","wyoming",1966,7
"Army","Wyoming","wyoming",1967,13
"Army","Wyoming","wyoming",1968,25
"Army","Wyoming","wyoming",1969,20
"Army","Wyoming","wyoming",1970,8
"Army","Wyoming","wyoming",1971,9
"Coast Guard","California","california",1966,1
"Coast Guard","Florida","florida",1969,1
"Coast Guard","Idaho","idaho",1969,1
"Coast Guard","Louisiana","louisiana",1969,1
"Coast Guard","Ohio","ohio",1968,1
"Coast Guard","Texas","texas",1966,1
"Coast Guard","Texas","texas",1968,1
"Marine Corps","Alabama","alabama",1965,7
"Marine Corps","Alabama","alabama",1966,38
"Marine Corps","Alabama","alabama",1967,68
"Marine Corps","Alabama","alabama",1968,97
"Marine Corps","Alabama","alabama",1969,50
"Marine Corps","Alabama","alabama",1970,13
"Marine Corps","Alabama","alabama",1971,5
"Marine Corps","Alabama","alabama",1972,1
"Marine Corps","Alaska","alaska",1962,1
"Marine Corps","Alaska","alaska",1967,4
"Marine Corps","Alaska","alaska",1968,3
"Marine Corps","American Samoa","american samoa",1968,2
"Marine Corps","American Samoa","american samoa",1970,1
"Marine Corps","Arizona","arizona",1965,6
"Marine Corps","Arizona","arizona",1966,18
"Marine Corps","Arizona","arizona",1967,38
"Marine Corps","Arizona","arizona",1968,50
"Marine Corps","Arizona","arizona",1969,33
"Marine Corps","Arizona","arizona",1970,9
"Marine Corps","Arizona","arizona",1972,1
"Marine Corps","Arkansas","arkansas",1965,2
"Marine Corps","Arkansas","arkansas",1966,7
"Marine Corps","Arkansas","arkansas",1967,34
"Marine Corps","Arkansas","arkansas",1968,48
"Marine Corps","Arkansas","arkansas",1969,35
"Marine Corps","Arkansas","arkansas",1970,5
"Marine Corps","Arkansas","arkansas",1971,1
"Marine Corps","Arkansas","arkansas",1975,1
"Marine Corps","California","california",1963,1
"Marine Corps","California","california",1964,1
"Marine Corps","California","california",1965,54
"Marine Corps","California","california",1966,195
"Marine Corps","California","california",1967,359
"Marine Corps","California","california",1968,457
"Marine Corps","California","california",1969,288
"Marine Corps","California","california",1970,64
"Marine Corps","California","california",1971,6
"Marine Corps","California","california",1972,4
"Marine Corps","California","california",1973,2
"Marine Corps","California","california",1975,3
"Marine Corps","Colorado","colorado",1965,7
"Marine Corps","Colorado","colorado",1966,28
"Marine Corps","Colorado","colorado",1967,34
"Marine Corps","Colorado","colorado",1968,60
"Marine Corps","Colorado","colorado",1969,32
"Marine Corps","Colorado","colorado",1970,6
"Marine Corps","Colorado","colorado",1971,1
"Marine Corps","Colorado","colorado",1975,1
"Marine Corps","Connecticut","connecticut",1965,10
"Marine Corps","Connecticut","connecticut",1966,25
"Marine Corps","Connecticut","connecticut",1967,48
"Marine Corps","Connecticut","connecticut",1968,71
"Marine Corps","Connecticut","connecticut",1969,38
"Marine Corps","Connecticut","connecticut",1970,8
"Marine Corps","Delaware","delaware",1966,1
"Marine Corps","Delaware","delaware",1967,7
"Marine Corps","Delaware","delaware",1968,17
"Marine Corps","Delaware","delaware",1969,5
"Marine Corps","Delaware","delaware",1970,1
"Marine Corps","Delaware","delaware",1972,1
"Marine Corps","District Of Columbia","district of columbia",1966,5
"Marine Corps","District Of Columbia","district of columbia",1967,13
"Marine Corps","District Of Columbia","district of columbia",1968,27
"Marine Corps","District Of Columbia","district of columbia",1969,20
"Marine Corps","District Of Columbia","district of columbia",1970,3
"Marine Corps","Florida","florida",1964,1
"Marine Corps","Florida","florida",1965,12
"Marine Corps","Florida","florida",1966,56
"Marine Corps","Florida","florida",1967,118
"Marine Corps","Florida","florida",1968,178
"Marine Corps","Florida","florida",1969,88
"Marine Corps","Florida","florida",1970,18
"Marine Corps","Florida","florida",1971,1
"Marine Corps","Florida","florida",1972,1
"Marine Corps","Georgia","georgia",1964,1
"Marine Corps","Georgia","georgia",1965,4
"Marine Corps","Georgia","georgia",1966,25
"Marine Corps","Georgia","georgia",1967,94
"Marine Corps","Georgia","georgia",1968,127
"Marine Corps","Georgia","georgia",1969,65
"Marine Corps","Georgia","georgia",1970,22
"Marine Corps","Georgia","georgia",1971,2
"Marine Corps","Guam","guam",1965,1
"Marine Corps","Guam","guam",1966,1
"Marine Corps","Guam","guam",1967,3
"Marine Corps","Guam","guam",1968,2
"Marine Corps","Guam","guam",1969,3
"Marine Corps","Guam","guam",1970,1
"Marine Corps","Hawaii","hawaii",1965,2
"Marine Corps","Hawaii","hawaii",1966,11
"Marine Corps","Hawaii","hawaii",1967,7
"Marine Corps","Hawaii","hawaii",1968,12
"Marine Corps","Hawaii","hawaii",1969,10
"Marine Corps","Hawaii","hawaii",1971,1
"Marine Corps","Hawaii","hawaii",1972,1
"Marine Corps","Idaho","idaho",1965,2
"Marine Corps","Idaho","idaho",1966,7
"Marine Corps","Idaho","idaho",1967,9
"Marine Corps","Idaho","idaho",1968,17
"Marine Corps","Idaho","idaho",1969,13
"Marine Corps","Idaho","idaho",1970,6
"Marine Corps","Illinois","illinois",1962,1
"Marine Corps","Illinois","illinois",1963,1
"Marine Corps","Illinois","illinois",1964,1
"Marine Corps","Illinois","illinois",1965,38
"Marine Corps","Illinois","illinois",1966,113
"Marine Corps","Illinois","illinois",1967,222
"Marine Corps","Illinois","illinois",1968,267
"Marine Corps","Illinois","illinois",1969,139
"Marine Corps","Illinois","illinois",1970,43
"Marine Corps","Illinois","illinois",1971,7
"Marine Corps","Illinois","illinois",1972,2
"Marine Corps","Indiana","indiana",1965,23
"Marine Corps","Indiana","indiana",1966,53
"Marine Corps","Indiana","indiana",1967,106
"Marine Corps","Indiana","indiana",1968,143
"Marine Corps","Indiana","indiana",1969,78
"Marine Corps","Indiana","indiana",1970,15
"Marine Corps","Indiana","indiana",1971,2
"Marine Corps","Indiana","indiana",1972,1
"Marine Corps","Iowa","iowa",1963,1
"Marine Corps","Iowa","iowa",1965,9
"Marine Corps","Iowa","iowa",1966,25
"Marine Corps","Iowa","iowa",1967,55
"Marine Corps","Iowa","iowa",1968,70
"Marine Corps","Iowa","iowa",1969,34
"Marine Corps","Iowa","iowa",1970,6
"Marine Corps","Iowa","iowa",1975,1
"Marine Corps","Kansas","kansas",1965,10
"Marine Corps","Kansas","kansas",1966,21
"Marine Corps","Kansas","kansas",1967,34
"Marine Corps","Kansas","kansas",1968,50
"Marine Corps","Kansas","kansas",1969,24
"Marine Corps","Kansas","kansas",1970,7
"Marine Corps","Kansas","kansas",1971,1
"Marine Corps","Kansas","kansas",1972,1
"Marine Corps","Kentucky","kentucky",1965,8
"Marine Corps","Kentucky","kentucky",1966,32
"Marine Corps","Kentucky","kentucky",1967,42
"Marine Corps","Kentucky","kentucky",1968,76
"Marine Corps","Kentucky","kentucky",1969,49
"Marine Corps","Kentucky","kentucky",1970,9
"Marine Corps","Kentucky","kentucky",1975,1
"Marine Corps","Louisiana","louisiana",1962,1
"Marine Corps","Louisiana","louisiana",1963,1
"Marine Corps","Louisiana","louisiana",1965,11
"Marine Corps","Louisiana","louisiana",1966,42
"Marine Corps","Louisiana","louisiana",1967,52
"Marine Corps","Louisiana","louisiana",1968,69
"Marine Corps","Louisiana","louisiana",1969,36
"Marine Corps","Louisiana","louisiana",1970,11
"Marine Corps","Louisiana","louisiana",1971,3
"Marine Corps","Louisiana","louisiana",1972,1
"Marine Corps","Maine","maine",1965,2
"Marine Corps","Maine","maine",1966,17
"Marine Corps","Maine","maine",1967,12
"Marine Corps","Maine","maine",1968,34
"Marine Corps","Maine","maine",1969,16
"Marine Corps","Maine","maine",1970,4
"Marine Corps","Maine","maine",1971,1
"Marine Corps","Maryland","maryland",1965,8
"Marine Corps","Maryland","maryland",1966,39
"Marine Corps","Maryland","maryland",1967,84
"Marine Corps","Maryland","maryland",1968,85
"Marine Corps","Maryland","maryland",1969,60
"Marine Corps","Maryland","maryland",1970,15
"Marine Corps","Maryland","maryland",1971,2
"Marine Corps","Maryland","maryland",1972,1
"Marine Corps","Maryland","maryland",1975,1
"Marine Corps","Massachusetts","massachusetts",1964,1
"Marine Corps","Massachusetts","massachusetts",1965,15
"Marine Corps","Massachusetts","massachusetts",1966,63
"Marine Corps","Massachusetts","massachusetts",1967,132
"Marine Corps","Massachusetts","massachusetts",1968,166
"Marine Corps","Massachusetts","massachusetts",1969,79
"Marine Corps","Massachusetts","massachusetts",1970,12
"Marine Corps","Massachusetts","massachusetts",1971,4
"Marine Corps","Massachusetts","massachusetts",1975,1
"Marine Corps","Michigan","michigan",1963,1
"Marine Corps","Michigan","michigan",1965,28
"Marine Corps","Michigan","michigan",1966,81
"Marine Corps","Michigan","michigan",1967,150
"Marine Corps","Michigan","michigan",1968,202
"Marine Corps","Michigan","michigan",1969,119
"Marine Corps","Michigan","michigan",1970,34
"Marine Corps","Michigan","michigan",1971,4
"Marine Corps","Michigan","michigan",1972,1
"Marine Corps","Minnesota","minnesota",1965,9
"Marine Corps","Minnesota","minnesota",1966,37
"Marine Corps","Minnesota","minnesota",1967,57
"Marine Corps","Minnesota","minnesota",1968,86
"Marine Corps","Minnesota","minnesota",1969,38
"Marine Corps","Minnesota","minnesota",1970,9
"Marine Corps","Minnesota","minnesota",1971,6
"Marine Corps","Mississippi","mississippi",1965,3
"Marine Corps","Mississippi","mississippi",1966,10
"Marine Corps","Mississippi","mississippi",1967,24
"Marine Corps","Mississippi","mississippi",1968,40
"Marine Corps","Mississippi","mississippi",1969,25
"Marine Corps","Mississippi","mississippi",1970,9
"Marine Corps","Missouri","missouri",1965,18
"Marine Corps","Missouri","missouri",1966,49
"Marine Corps","Missouri","missouri",1967,82
"Marine Corps","Missouri","missouri",1968,104
"Marine Corps","Missouri","missouri",1969,48
"Marine Corps","Missouri","missouri",1970,24
"Marine Corps","Missouri","missouri",1971,1
"Marine Corps","Missouri","missouri",1972,1
"Marine Corps","Missouri","missouri",1973,1
"Marine Corps","Montana","montana",1965,3
"Marine Corps","Montana","montana",1966,5
"Marine Corps","Montana","montana",1967,14
"Marine Corps","Montana","montana",1968,20
"Marine Corps","Montana","montana",1969,12
"Marine Corps","Montana","montana",1970,3
"Marine Corps","Montana","montana",1971,2
"Marine Corps","Nebraska","nebraska",1965,3
"Marine Corps","Nebraska","nebraska",1966,10
"Marine Corps","Nebraska","nebraska",1967,22
"Marine Corps","Nebraska","nebraska",1968,24
"Marine Corps","Nebraska","nebraska",1969,16
"Marine Corps","Nebraska","nebraska",1970,5
"Marine Corps","Nevada","nevada",1965,1
"Marine Corps","Nevada","nevada",1966,5
"Marine Corps","Nevada","nevada",1967,12
"Marine Corps","Nevada","nevada",1968,13
"Marine Corps","Nevada","nevada",1969,12
"Marine Corps","Nevada","nevada",1970,2
"Marine Corps","New Hampshire","new hampshire",1965,1
"Marine Corps","New Hampshire","new hampshire",1966,7
"Marine Corps","New Hampshire","new hampshire",1967,24
"Marine Corps","New Hampshire","new hampshire",1968,21
"Marine Corps","New Hampshire","new hampshire",1969,10
"Marine Corps","New Hampshire","new hampshire",1970,5
"Marine Corps","New Hampshire","new hampshire",1971,2
"Marine Corps","New Jersey","new jersey",1965,14
"Marine Corps","New Jersey","new jersey",1966,46
"Marine Corps","New Jersey","new jersey",1967,127
"Marine Corps","New Jersey","new jersey",1968,155
"Marine Corps","New Jersey","new jersey",1969,66
"Marine Corps","New Jersey","new jersey",1970,13
"Marine Corps","New Jersey","new jersey",1971,3
"Marine Corps","New Mexico","new mexico",1962,1
"Marine Corps","New Mexico","new mexico",1965,2
"Marine Corps","New Mexico","new mexico",1966,20
"Marine Corps","New Mexico","new mexico",1967,33
"Marine Corps","New Mexico","new mexico",1968,32
"Marine Corps","New Mexico","new mexico",1969,14
"Marine Corps","New Mexico","new mexico",1970,3
"Marine Corps","New Mexico","new mexico",1975,1
"Marine Corps","New York","new york",1962,1
"Marine Corps","New York","new york",1963,1
"Marine Corps","New York","new york",1964,1
"Marine Corps","New York","new york",1965,40
"Marine Corps","New York","new york",1966,138
"Marine Corps","New York","new york",1967,322
"Marine Corps","New York","new york",1968,369
"Marine Corps","New York","new york",1969,187
"Marine Corps","New York","new york",1970,54
"Marine Corps","New York","new york",1971,3
"Marine Corps","New York","new york",1972,4
"Marine Corps","New York","new york",1975,1
"Marine Corps","North Carolina","north carolina",1965,11
"Marine Corps","North Carolina","north carolina",1966,25
"Marine Corps","North Carolina","north carolina",1967,78
"Marine Corps","North Carolina","north carolina",1968,127
"Marine Corps","North Carolina","north carolina",1969,54
"Marine Corps","North Carolina","north carolina",1970,16
"Marine Corps","North Carolina","north carolina",1971,1
"Marine Corps","North Carolina","north carolina",1975,1
"Marine Corps","North Dakota","north dakota",1965,1
"Marine Corps","North Dakota","north dakota",1966,2
"Marine Corps","North Dakota","north dakota",1967,11
"Marine Corps","North Dakota","north dakota",1968,12
"Marine Corps","North Dakota","north dakota",1969,9
"Marine Corps","North Dakota","north dakota",1970,1
"Marine Corps","North Dakota","north dakota",1971,1
"Marine Corps","Ohio","ohio",1963,1
"Marine Corps","Ohio","ohio",1964,1
"Marine Corps","Ohio","ohio",1965,28
"Marine Corps","Ohio","ohio",1966,100
"Marine Corps","Ohio","ohio",1967,228
"Marine Corps","Ohio","ohio",1968,330
"Marine Corps","Ohio","ohio",1969,169
"Marine Corps","Ohio","ohio",1970,43
"Marine Corps","Ohio","ohio",1971,2
"Marine Corps","Oklahoma","oklahoma",1965,3
"Marine Corps","Oklahoma","oklahoma",1966,23
"Marine Corps","Oklahoma","oklahoma",1967,60
"Marine Corps","Oklahoma","oklahoma",1968,83
"Marine Corps","Oklahoma","oklahoma",1969,39
"Marine Corps","Oklahoma","oklahoma",1970,11
"Marine Corps","Oklahoma","oklahoma",1972,1
"Marine Corps","Ontario","ontario",1966,1
"Marine Corps","Oregon","oregon",1965,4
"Marine Corps","Oregon","oregon",1966,31
"Marine Corps","Oregon","oregon",1967,43
"Marine Corps","Oregon","oregon",1968,80
"Marine Corps","Oregon","oregon",1969,32
"Marine Corps","Oregon","oregon",1970,3
"Marine Corps","Oregon","oregon",1971,2
"Marine Corps","Oregon","oregon",1972,1
"Marine Corps","Pennsylvania","pennsylvania",1963,1
"Marine Corps","Pennsylvania","pennsylvania",1964,1
"Marine Corps","Pennsylvania","pennsylvania",1965,33
"Marine Corps","Pennsylvania","pennsylvania",1966,139
"Marine Corps","Pennsylvania","pennsylvania",1967,253
"Marine Corps","Pennsylvania","pennsylvania",1968,348
"Marine Corps","Pennsylvania","pennsylvania",1969,143
"Marine Corps","Pennsylvania","pennsylvania",1970,45
"Marine Corps","Pennsylvania","pennsylvania",1971,7
"Marine Corps","Pennsylvania","pennsylvania",1972,2
"Marine Corps","Pennsylvania","pennsylvania",1975,1
"Marine Corps","Puerto Rico","puerto rico",1966,2
"Marine Corps","Puerto Rico","puerto rico",1967,5
"Marine Corps","Puerto Rico","puerto rico",1968,4
"Marine Corps","Puerto Rico","puerto rico",1969,5
"Marine Corps","Puerto Rico","puerto rico",1970,1
"Marine Corps","Rhode Island","rhode island",1966,7
"Marine Corps","Rhode Island","rhode island",1967,14
"Marine Corps","Rhode Island","rhode island",1968,15
"Marine Corps","Rhode Island","rhode island",1969,11
"Marine Corps","Rhode Island","rhode island",1970,1
"Marine Corps","Rhode Island","rhode island",1971,1
"Marine Corps","Rhode Island","rhode island",2006,1
"Marine Corps","South Carolina","south carolina",1965,1
"Marine Corps","South Carolina","south carolina",1966,25
"Marine Corps","South Carolina","south carolina",1967,52
"Marine Corps","South Carolina","south carolina",1968,70
"Marine Corps","South Carolina","south carolina",1969,29
"Marine Corps","South Carolina","south carolina",1970,9
"Marine Corps","South Dakota","south dakota",1966,5
"Marine Corps","South Dakota","south dakota",1967,8
"Marine Corps","South Dakota","south dakota",1968,14
"Marine Corps","South Dakota","south dakota",1969,4
"Marine Corps","South Dakota","south dakota",1970,1
"Marine Corps","Tennessee","tennessee",1965,7
"Marine Corps","Tennessee","tennessee",1966,38
"Marine Corps","Tennessee","tennessee",1967,82
"Marine Corps","Tennessee","tennessee",1968,112
"Marine Corps","Tennessee","tennessee",1969,60
"Marine Corps","Tennessee","tennessee",1970,14
"Marine Corps","Tennessee","tennessee",1971,1
"Marine Corps","Tennessee","tennessee",1973,2
"Marine Corps","Texas","texas",1963,1
"Marine Corps","Texas","texas",1965,38
"Marine Corps","Texas","texas",1966,111
"Marine Corps","Texas","texas",1967,218
"Marine Corps","Texas","texas",1968,312
"Marine Corps","Texas","texas",1969,148
"Marine Corps","Texas","texas",1970,51
"Marine Corps","Texas","texas",1971,5
"Marine Corps","Texas","texas",1972,1
"Marine Corps","Texas","texas",1975,2
"Marine Corps","Utah","utah",1965,5
"Marine Corps","Utah","utah",1966,7
"Marine Corps","Utah","utah",1967,19
"Marine Corps","Utah","utah",1968,34
"Marine Corps","Utah","utah",1969,16
"Marine Corps","Utah","utah",1970,1
"Marine Corps","Utah","utah",1972,2
"Marine Corps","Vermont","vermont",1966,3
"Marine Corps","Vermont","vermont",1967,3
"Marine Corps","Vermont","vermont",1968,9
"Marine Corps","Vermont","vermont",1969,5
"Marine Corps","Vermont","vermont",1970,2
"Marine Corps","Virgin Islands","virgin islands",1967,1
"Marine Corps","Virginia","virginia",1963,1
"Marine Corps","Virginia","virginia",1965,4
"Marine Corps","Virginia","virginia",1966,28
"Marine Corps","Virginia","virginia",1967,85
"Marine Corps","Virginia","virginia",1968,106
"Marine Corps","Virginia","virginia",1969,67
"Marine Corps","Virginia","virginia",1970,18
"Marine Corps","Virginia","virginia",1971,1
"Marine Corps","Virginia","virginia",1972,2
"Marine Corps","Virginia","virginia",1975,1
"Marine Corps","Washington","washington",1965,5
"Marine Corps","Washington","washington",1966,47
"Marine Corps","Washington","washington",1967,72
"Marine Corps","Washington","washington",1968,79
"Marine Corps","Washington","washington",1969,54
"Marine Corps","Washington","washington",1970,10
"Marine Corps","Washington","washington",1975,1
"Marine Corps","West Virginia","west virginia",1965,9
"Marine Corps","West Virginia","west virginia",1966,21
"Marine Corps","West Virginia","west virginia",1967,42
"Marine Corps","West Virginia","west virginia",1968,58
"Marine Corps","West Virginia","west virginia",1969,40
"Marine Corps","West Virginia","west virginia",1970,10
"Marine Corps","West Virginia","west virginia",1971,1
"Marine Corps","West Virginia","west virginia",1975,1
"Marine Corps","Wisconsin","wisconsin",1965,9
"Marine Corps","Wisconsin","wisconsin",1966,32
"Marine Corps","Wisconsin","wisconsin",1967,83
"Marine Corps","Wisconsin","wisconsin",1968,77
"Marine Corps","Wisconsin","wisconsin",1969,69
"Marine Corps","Wisconsin","wisconsin",1970,12
"Marine Corps","Wisconsin","wisconsin",1971,1
"Marine Corps","Wisconsin","wisconsin",1972,1
"Marine Corps","Wisconsin","wisconsin",2004,1
"Marine Corps","Wyoming","wyoming",1965,3
"Marine Corps","Wyoming","wyoming",1966,3
"Marine Corps","Wyoming","wyoming",1967,8
"Marine Corps","Wyoming","wyoming",1968,5
"Marine Corps","Wyoming","wyoming",1969,2
"Marine Corps","Wyoming","wyoming",1970,2
"Navy","Alabama","alabama",1966,4
"Navy","Alabama","alabama",1967,6
"Navy","Alabama","alabama",1968,6
"Navy","Alabama","alabama",1969,10
"Navy","Alabama","alabama",1970,2
"Navy","Alabama","alabama",1971,1
"Navy","Alabama","alabama",1972,1
"Navy","Alabama","alabama",1975,1
"Navy","Alaska","alaska",1969,5
"Navy","Arizona","arizona",1965,1
"Navy","Arizona","arizona",1966,3
"Navy","Arizona","arizona",1967,11
"Navy","Arizona","arizona",1968,12
"Navy","Arizona","arizona",1969,3
"Navy","Arizona","arizona",1970,9
"Navy","Arizona","arizona",1972,2
"Navy","Arkansas","arkansas",1965,3
"Navy","Arkansas","arkansas",1966,2
"Navy","Arkansas","arkansas",1967,8
"Navy","Arkansas","arkansas",1968,10
"Navy","Arkansas","arkansas",1969,6
"Navy","Arkansas","arkansas",1970,1
"Navy","Arkansas","arkansas",1971,3
"Navy","Arkansas","arkansas",1972,1
"Navy","California","california",1960,1
"Navy","California","california",1963,2
"Navy","California","california",1964,3
"Navy","California","california",1965,26
"Navy","California","california",1966,40
"Navy","California","california",1967,76
"Navy","California","california",1968,68
"Navy","California","california",1969,47
"Navy","California","california",1970,25
"Navy","California","california",1971,11
"Navy","California","california",1972,9
"Navy","California","california",1973,4
"Navy","California","california",1975,1
"Navy","Colorado","colorado",1964,1
"Navy","Colorado","colorado",1965,1
"Navy","Colorado","colorado",1966,3
"Navy","Colorado","colorado",1967,13
"Navy","Colorado","colorado",1968,5
"Navy","Colorado","colorado",1969,5
"Navy","Colorado","colorado",1970,1
"Navy","Colorado","colorado",1972,1
"Navy","Connecticut","connecticut",1964,1
"Navy","Connecticut","connecticut",1965,1
"Navy","Connecticut","connecticut",1966,4
"Navy","Connecticut","connecticut",1967,10
"Navy","Connecticut","connecticut",1969,4
"Navy","Connecticut","connecticut",1970,2
"Navy","Connecticut","connecticut",1972,2
"Navy","Connecticut","connecticut",1973,1
"Navy","Delaware","delaware",1966,1
"Navy","Delaware","delaware",1967,1
"Navy","Delaware","delaware",1968,2
"Navy","Delaware","delaware",1970,1
"Navy","District Of Columbia","district of columbia",1966,2
"Navy","District Of Columbia","district of columbia",1967,1
"Navy","District Of Columbia","district of columbia",1968,1
"Navy","Florida","florida",1964,1
"Navy","Florida","florida",1965,4
"Navy","Florida","florida",1966,7
"Navy","Florida","florida",1967,25
"Navy","Florida","florida",1968,18
"Navy","Florida","florida",1969,8
"Navy","Florida","florida",1970,9
"Navy","Florida","florida",1971,2
"Navy","Florida","florida",1972,3
"Navy","Foreign","foreign",1969,1
"Navy","Georgia","georgia",1963,1
"Navy","Georgia","georgia",1964,1
"Navy","Georgia","georgia",1965,1
"Navy","Georgia","georgia",1966,6
"Navy","Georgia","georgia",1967,14
"Navy","Georgia","georgia",1968,13
"Navy","Georgia","georgia",1969,7
"Navy","Georgia","georgia",1970,2
"Navy","Georgia","georgia",1972,4
"Navy","Guam","guam",1968,1
"Navy","Hawaii","hawaii",1967,1
"Navy","Hawaii","hawaii",1968,5
"Navy","Hawaii","hawaii",1973,1
"Navy","Idaho","idaho",1965,1
"Navy","Idaho","idaho",1966,2
"Navy","Idaho","idaho",1967,3
"Navy","Idaho","idaho",1968,5
"Navy","Illinois","illinois",1960,1
"Navy","Illinois","illinois",1964,1
"Navy","Illinois","illinois",1965,1
"Navy","Illinois","illinois",1966,16
"Navy","Illinois","illinois",1967,33
"Navy","Illinois","illinois",1968,32
"Navy","Illinois","illinois",1969,19
"Navy","Illinois","illinois",1970,10
"Navy","Illinois","illinois",1971,3
"Navy","Illinois","illinois",1972,3
"Navy","Indiana","indiana",1964,1
"Navy","Indiana","indiana",1966,8
"Navy","Indiana","indiana",1967,13
"Navy","Indiana","indiana",1968,19
"Navy","Indiana","indiana",1969,9
"Navy","Indiana","indiana",1970,6
"Navy","Indiana","indiana",1971,1
"Navy","Indiana","indiana",1972,3
"Navy","Indiana","indiana",1973,1
"Navy","Iowa","iowa",1962,1
"Navy","Iowa","iowa",1964,1
"Navy","Iowa","iowa",1965,2
"Navy","Iowa","iowa",1966,5
"Navy","Iowa","iowa",1967,19
"Navy","Iowa","iowa",1968,15
"Navy","Iowa","iowa",1969,4
"Navy","Iowa","iowa",1970,4
"Navy","Iowa","iowa",1971,4
"Navy","Iowa","iowa",1972,3
"Navy","Kansas","kansas",1965,2
"Navy","Kansas","kansas",1966,5
"Navy","Kansas","kansas",1967,10
"Navy","Kansas","kansas",1968,15
"Navy","Kansas","kansas",1969,10
"Navy","Kansas","kansas",1970,4
"Navy","Kansas","kansas",1972,1
"Navy","Kansas","kansas",1973,1
"Navy","Kentucky","kentucky",1966,3
"Navy","Kentucky","kentucky",1967,4
"Navy","Kentucky","kentucky",1968,8
"Navy","Kentucky","kentucky",1969,4
"Navy","Kentucky","kentucky",1970,3
"Navy","Louisiana","louisiana",1964,1
"Navy","Louisiana","louisiana",1965,2
"Navy","Louisiana","louisiana",1966,5
"Navy","Louisiana","louisiana",1967,8
"Navy","Louisiana","louisiana",1968,10
"Navy","Louisiana","louisiana",1969,8
"Navy","Louisiana","louisiana",1970,3
"Navy","Louisiana","louisiana",1971,2
"Navy","Louisiana","louisiana",1972,2
"Navy","Maine","maine",1965,2
"Navy","Maine","maine",1966,3
"Navy","Maine","maine",1967,5
"Navy","Maine","maine",1968,4
"Navy","Maine","maine",1969,3
"Navy","Maine","maine",1970,1
"Navy","Maine","maine",1972,1
"Navy","Maryland","maryland",1966,4
"Navy","Maryland","maryland",1967,10
"Navy","Maryland","maryland",1968,9
"Navy","Maryland","maryland",1969,3
"Navy","Maryland","maryland",1970,3
"Navy","Maryland","maryland",1972,4
"Navy","Maryland","maryland",1973,1
"Navy","Massachusetts","massachusetts",1965,2
"Navy","Massachusetts","massachusetts",1966,7
"Navy","Massachusetts","massachusetts",1967,20
"Navy","Massachusetts","massachusetts",1968,23
"Navy","Massachusetts","massachusetts",1969,13
"Navy","Massachusetts","massachusetts",1970,5
"Navy","Massachusetts","massachusetts",1971,2
"Navy","Massachusetts","massachusetts",1972,8
"Navy","Michigan","michigan",1965,4
"Navy","Michigan","michigan",1966,14
"Navy","Michigan","michigan",1967,28
"Navy","Michigan","michigan",1968,15
"Navy","Michigan","michigan",1969,19
"Navy","Michigan","michigan",1970,12
"Navy","Michigan","michigan",1971,2
"Navy","Michigan","michigan",1972,1
"Navy","Minnesota","minnesota",1964,1
"Navy","Minnesota","minnesota",1965,4
"Navy","Minnesota","minnesota",1966,9
"Navy","Minnesota","minnesota",1967,17
"Navy","Minnesota","minnesota",1968,17
"Navy","Minnesota","minnesota",1969,11
"Navy","Minnesota","minnesota",1970,3
"Navy","Minnesota","minnesota",1972,3
"Navy","Minnesota","minnesota",1973,2
"Navy","Mississippi","mississippi",1966,2
"Navy","Mississippi","mississippi",1967,3
"Navy","Mississippi","mississippi",1968,6
"Navy","Mississippi","mississippi",1969,4
"Navy","Missouri","missouri",1965,3
"Navy","Missouri","missouri",1966,7
"Navy","Missouri","missouri",1967,11
"Navy","Missouri","missouri",1968,12
"Navy","Missouri","missouri",1969,16
"Navy","Missouri","missouri",1970,7
"Navy","Missouri","missouri",1971,1
"Navy","Missouri","missouri",1972,1
"Navy","Montana","montana",1965,1
"Navy","Montana","montana",1966,3
"Navy","Montana","montana",1967,5
"Navy","Montana","montana",1968,8
"Navy","Montana","montana",1969,4
"Navy","Montana","montana",1970,2
"Navy","Nebraska","nebraska",1962,1
"Navy","Nebraska","nebraska",1965,2
"Navy","Nebraska","nebraska",1966,6
"Navy","Nebraska","nebraska",1967,4
"Navy","Nebraska","nebraska",1968,6
"Navy","Nebraska","nebraska",1969,6
"Navy","Nebraska","nebraska",1970,1
"Navy","Nebraska","nebraska",1972,2
"Navy","Nevada","nevada",1967,5
"Navy","Nevada","nevada",1968,4
"Navy","Nevada","nevada",1969,2
"Navy","Nevada","nevada",1970,1
"Navy","Nevada","nevada",1971,1
"Navy","New Hampshire","new hampshire",1965,1
"Navy","New Hampshire","new hampshire",1968,7
"Navy","New Hampshire","new hampshire",1969,1
"Navy","New Jersey","new jersey",1960,1
"Navy","New Jersey","new jersey",1965,3
"Navy","New Jersey","new jersey",1966,12
"Navy","New Jersey","new jersey",1967,14
"Navy","New Jersey","new jersey",1968,12
"Navy","New Jersey","new jersey",1969,15
"Navy","New Jersey","new jersey",1970,5
"Navy","New Jersey","new jersey",1972,3
"Navy","New Mexico","new mexico",1965,1
"Navy","New Mexico","new mexico",1966,1
"Navy","New Mexico","new mexico",1967,4
"Navy","New Mexico","new mexico",1968,8
"Navy","New Mexico","new mexico",1969,6
"Navy","New Mexico","new mexico",1972,1
"Navy","New York","new york",1965,4
"Navy","New York","new york",1966,20
"Navy","New York","new york",1967,37
"Navy","New York","new york",1968,38
"Navy","New York","new york",1969,24
"Navy","New York","new york",1970,15
"Navy","New York","new york",1971,2
"Navy","New York","new york",1972,7
"Navy","New York","new york",1973,1
"Navy","North Carolina","north carolina",1965,2
"Navy","North Carolina","north carolina",1966,9
"Navy","North Carolina","north carolina",1967,12
"Navy","North Carolina","north carolina",1968,11
"Navy","North Carolina","north carolina",1969,11
"Navy","North Carolina","north carolina",1970,3
"Navy","North Carolina","north carolina",1971,1
"Navy","North Carolina","north carolina",1972,3
"Navy","North Dakota","north dakota",1965,1
"Navy","North Dakota","north dakota",1966,2
"Navy","North Dakota","north dakota",1967,3
"Navy","North Dakota","north dakota",1968,5
"Navy","North Dakota","north dakota",1969,1
"Navy","North Dakota","north dakota",1970,1
"Navy","North Dakota","north dakota",1972,1
"Navy","Ohio","ohio",1964,1
"Navy","Ohio","ohio",1965,6
"Navy","Ohio","ohio",1966,16
"Navy","Ohio","ohio",1967,24
"Navy","Ohio","ohio",1968,32
"Navy","Ohio","ohio",1969,22
"Navy","Ohio","ohio",1970,10
"Navy","Ohio","ohio",1971,2
"Navy","Ohio","ohio",1972,7
"Navy","Ohio","ohio",1975,1
"Navy","Oklahoma","oklahoma",1965,3
"Navy","Oklahoma","oklahoma",1966,2
"Navy","Oklahoma","oklahoma",1967,9
"Navy","Oklahoma","oklahoma",1968,8
"Navy","Oklahoma","oklahoma",1969,10
"Navy","Oklahoma","oklahoma",1970,5
"Navy","Oklahoma","oklahoma",1971,1
"Navy","Oklahoma","oklahoma",1972,1
"Navy","Oregon","oregon",1960,1
"Navy","Oregon","oregon",1965,2
"Navy","Oregon","oregon",1966,5
"Navy","Oregon","oregon",1967,14
"Navy","Oregon","oregon",1968,12
"Navy","Oregon","oregon",1969,8
"Navy","Oregon","oregon",1970,3
"Navy","Oregon","oregon",1971,3
"Navy","Oregon","oregon",1972,3
"Navy","Pennsylvania","pennsylvania",1965,10
"Navy","Pennsylvania","pennsylvania",1966,17
"Navy","Pennsylvania","pennsylvania",1967,34
"Navy","Pennsylvania","pennsylvania",1968,40
"Navy","Pennsylvania","pennsylvania",1969,26
"Navy","Pennsylvania","pennsylvania",1970,13
"Navy","Pennsylvania","pennsylvania",1971,3
"Navy","Pennsylvania","pennsylvania",1972,8
"Navy","Pennsylvania","pennsylvania",1973,1
"Navy","Puerto Rico","puerto rico",1968,2
"Navy","Rhode Island","rhode island",1965,1
"Navy","Rhode Island","rhode island",1966,1
"Navy","Rhode Island","rhode island",1967,1
"Navy","Rhode Island","rhode island",1968,1
"Navy","Rhode Island","rhode island",1969,1
"Navy","Rhode Island","rhode island",1972,1
"Navy","South Carolina","south carolina",1962,1
"Navy","South Carolina","south carolina",1966,2
"Navy","South Carolina","south carolina",1967,4
"Navy","South Carolina","south carolina",1968,7
"Navy","South Carolina","south carolina",1969,4
"Navy","South Carolina","south carolina",1970,1
"Navy","South Carolina","south carolina",1971,3
"Navy","South Dakota","south dakota",1966,1
"Navy","South Dakota","south dakota",1967,2
"Navy","South Dakota","south dakota",1968,6
"Navy","South Dakota","south dakota",1969,1
"Navy","South Dakota","south dakota",1970,2
"Navy","Tennessee","tennessee",1966,5
"Navy","Tennessee","tennessee",1967,7
"Navy","Tennessee","tennessee",1968,8
"Navy","Tennessee","tennessee",1969,4
"Navy","Tennessee","tennessee",1970,7
"Navy","Tennessee","tennessee",1972,2
"Navy","Texas","texas",1963,1
"Navy","Texas","texas",1964,1
"Navy","Texas","texas",1965,6
"Navy","Texas","texas",1966,18
"Navy","Texas","texas",1967,40
"Navy","Texas","texas",1968,26
"Navy","Texas","texas",1969,23
"Navy","Texas","texas",1970,21
"Navy","Texas","texas",1971,5
"Navy","Texas","texas",1972,7
"Navy","Utah","utah",1966,2
"Navy","Utah","utah",1967,3
"Navy","Utah","utah",1968,7
"Navy","Utah","utah",1970,2
"Navy","Vermont","vermont",1967,3
"Navy","Vermont","vermont",1968,1
"Navy","Vermont","vermont",1969,1
"Navy","Vermont","vermont",1970,2
"Navy","Virginia","virginia",1965,3
"Navy","Virginia","virginia",1966,5
"Navy","Virginia","virginia",1967,9
"Navy","Virginia","virginia",1968,10
"Navy","Virginia","virginia",1969,12
"Navy","Virginia","virginia",1970,4
"Navy","Virginia","virginia",1971,1
"Navy","Virginia","virginia",1972,4
"Navy","Washington","washington",1964,1
"Navy","Washington","washington",1965,7
"Navy","Washington","washington",1966,12
"Navy","Washington","washington",1967,16
"Navy","Washington","washington",1968,10
"Navy","Washington","washington",1969,11
"Navy","Washington","washington",1970,2
"Navy","Washington","washington",1971,1
"Navy","Washington","washington",1972,2
"Navy","Washington","washington",1973,2
"Navy","West Virginia","west virginia",1965,2
"Navy","West Virginia","west virginia",1966,2
"Navy","West Virginia","west virginia",1967,6
"Navy","West Virginia","west virginia",1968,5
"Navy","West Virginia","west virginia",1969,2
"Navy","West Virginia","west virginia",1970,2
"Navy","West Virginia","west virginia",1971,1
"Navy","West Virginia","west virginia",1972,1
"Navy","Wisconsin","wisconsin",1961,1
"Navy","Wisconsin","wisconsin",1965,5
"Navy","Wisconsin","wisconsin",1966,7
"Navy","Wisconsin","wisconsin",1967,20
"Navy","Wisconsin","wisconsin",1968,24
"Navy","Wisconsin","wisconsin",1969,10
"Navy","Wisconsin","wisconsin",1970,6
"Navy","Wyoming","wyoming",1966,2
"Navy","Wyoming","wyoming",1968,3
"Navy","Wyoming","wyoming",1969,1
